84854574, output_0.tar.gz, bafybeid6cmpohnwenblivqxuezbkkmm5465wclhu4ebwy6t7vv7t6luejq
84854584, output_10000.tar.gz, bafybeih4mh34nhpmhoiozrhbclx22ohtpikk6oqlfwt4kq2q6ytrbf6qt4
84854611, output_20000.tar.gz, bafybeibl5dv4lmrnfj47bxu7hkttu2yjbk4v6pi7wva3lve2kqqq6e4bhm
84854725, output_30000.tar.gz, bafybeicmhw5555ke77hk3u66wc2ahxsx74reio4iqzqq3aw5wszwfkhfjy
84854750, output_40000.tar.gz, bafybeihnddu6xrqeh4obqmoqhxktbrafr3inhz5ugnb436owaosthtgihq
84855775, output_50000.tar.gz, bafybeicsg5e4njdulbewavhuz6k6spoajygg2zzjzdzuheoqitvgpetsty
84855799, output_60000.tar.gz, bafybeibn5uavtknnwzo4cm5qoyzl7az4lupdpwk2p64nxuzjapeaat7pre
84855829, output_70000.tar.gz, bafybeifxpgry7dmyp2i3as7to2ddkxwnxssfypyvzb74a4csrt5osgygg4
84855840, output_80000.tar.gz, bafybeifbvtmslurn3jntbrf54i3qx2rlkzkz2s65mxpcpaoa3mywqrajlu
84855844, output_90000.tar.gz, bafybeigzt3ypv2qpohfswenr5tvppzr3ci2nx4hcbnprjq2hzv4hwjg4bu
84855867, output_100000.tar.gz, bafybeiebzb2qvquhqsxxurypxp5nprj5hs6codszernvnhgbmbudu2y7jy
84856547, output_110000.tar.gz, bafybeiauwbok346cx7n5m7dbsc4pu6gc4topzzc57d4rfmjxi6ogedwxkm
84856556, output_120000.tar.gz, bafybeigbc5kkzryemapkp4dcbf72al4dkksapefltlx26vgintgd5g5e4a
84857208, output_130000.tar.gz, bafybeia25gyeu52cmw6ulv2zkgwgj5xgtyoh3arpo6pc3ljchfz4xpfhby
84857213, output_140000.tar.gz, bafybeicy723pe3nloiptugyczx3i3zry747vvsk5kfyh43ahm3yak62ooa
84857594, output_150000.tar.gz, bafybeickb3c47b3mgmsu3bwhc5igza45ihlpxdjdqqh7agtu6s2faqjjcq
84857960, output_160000.tar.gz, bafybeifemj7ubrxbnbxtcnk3j3wo4uch4dr6u3qb6rwdcjlesbzral5inu
84857991, output_170000.tar.gz, bafybeickmczsb3x3nmruot6d3wdzqtepdzffni7rys3rmhdt6pohykgnna
84858091, output_180000.tar.gz, bafybeid2exw5ejuq3mhcctae5kiuahouq7b3evkpqvja7ttfya6x2yixby
84858558, output_190000.tar.gz, bafybeidth6b66276yjq22z4q2tsmr5ufnjeyxmbgy33o6cvtdmddbvdmam
84858823, output_200000.tar.gz, bafybeiatsc2lohifm6x5p6kayb22a3swdrd6shslopthondotqlrb445hu
84858847, output_210000.tar.gz, bafybeidhlfwru3so27tlhdq4dj2vprwcmt6g4wf5lob44u2vxolome3mhy
84858957, output_220000.tar.gz, bafybeicoiddpnjmnw6oh5h2kfg6q4uamfxe5wgwg7pgijbcuxqv3hz63si
84859088, output_230000.tar.gz, bafybeigm54xh4o6nmel6xrtmmfy6oyoqxt3ukm5r365mnt3zgtwzoqzune
84859140, output_240000.tar.gz, bafybeihmulfowmpsb6yprpdj7faetxthds3vmnfgpa5hozfzer66hovrle
84859163, output_250000.tar.gz, bafybeiev4rhlgk6gigfi3pmvhmfntjprh2hcbjtrlkfl53osue7yrycp3u
84859184, output_260000.tar.gz, bafybeih7py7t5srh6dc277sf7bmn2klc65aflwu5bnj22yn3vre2ixkozm
84859212, output_270000.tar.gz, bafybeifk3vkelt6csps3m7koyvdeeiw4qaz24cxrwfodmabipwsurcjpeq
84859249, output_280000.tar.gz, bafybeibgu4pxbkcgenuhhh7g72lizabwlejasxjeioi5geoknleikfnhdy
84859296, output_290000.tar.gz, bafybeidfelhmtmy35zagl23bwintwhguqrdskgkg3t4vylv72c47b6cocm
84859313, output_300000.tar.gz, bafybeia3gbsl6lxrzs62v63utdjehm2t6ogy7u3qm6cc6boom3z6trmwba
84859328, output_310000.tar.gz, bafybeiae4bzojfkpb6vkfnwsssesf4wzbmzy7xmszxuno3l73j33g7gy3u
84859367, output_320000.tar.gz, bafybeiheyh6fhfb3cgr5ri4dr2fhilgjizxofrsx5psnok55kdxchjntsi
84859475, output_330000.tar.gz, bafybeiheqjzrlkpawvju3ezi7xldoq7gw4zltunvttqxpop7vhxqo3caom
84859479, output_340000.tar.gz, bafybeichcda4hmwr2zzkhtf6l3uu6aedbwy6ruiifo23wtzismf2rifv6a
84859483, output_350000.tar.gz, bafybeib7w6ei77lr7kjvp7grubm6bo5qdq5rbxh5baz4rj3rzlo2oacxmi
84859499, output_360000.tar.gz, bafybeihhx23wislscc4cyt67cp2msp6ixjfwx7qzdryn46ni5fyf3knkse
84859511, output_370000.tar.gz, bafybeia5ckipsialedqvxmyr27i7kajg2rqnewfn53spunyfazthxdtywm
84859520, output_380000.tar.gz, bafybeihiztfvfdnqryaw3onqtorknhpwxx2hsrtw56ysgjjujwhtfyxoge
84859607, output_390000.tar.gz, bafybeidus47nqabi63bnlrz4bsddgwhys2ih2ijrbtixcanlno47vkx5da
84859638, output_400000.tar.gz, bafybeick6faxotqe3xh2ipcgzu5gigw2ppdaqq3ttp52tjscrphwjpiwdu
84859686, output_410000.tar.gz, bafybeibevnjrscs5vj7gfdda2yarw36dli2npc4rwoct5jutjtugefgski
84859707, output_420000.tar.gz, bafybeiggqkbqzykrm2jedojahrzgv7mahvu2hn7vq5cbdds6eywjicic5m
84859726, output_430000.tar.gz, bafybeial7ynrxauvuagocbhixj5egssd3awjuol3yjxk3guv4tiuleyh7q
84859775, output_440000.tar.gz, bafybeie4bcsenty5jsb3uf6w6wrvhq4d5cylnfyjgyxjn6ekpan4njrxs4
84859874, output_450000.tar.gz, bafybeic3kzsqen3tycqjwmvgaxj5xrwgvlct3xo54f5yjgvolgyunjohcu
84859892, output_460000.tar.gz, bafybeid7yqxtf3qkl7iaicw7lz4x4v4fmnmxlgwnc66d3fyfx377cz3s7y
84859909, output_470000.tar.gz, bafybeiedszj4v52eb2zddmru66n4yjgd6aroyk4bpil6jxg4vjvfqgpoqu
84859961, output_480000.tar.gz, bafybeifq2cwysxzsvqgpq7kg2rtapme572kethdvxpapwxm7ezurc6dff4
84860010, output_490000.tar.gz, bafybeicmg5a3l4on7pk74onqenoixeacr355jrgqvrxp7dj3fetq4r2fv4
84860103, output_500000.tar.gz, bafybeicxrd3lc4g2z2gbpswv4bqpclz4oxktbms2bbx3ifgy62dx7aa3pe
84860283, output_510000.tar.gz, bafybeielcwrtzrhrl4shh4fq2ykl2jwt3xurlb7sajc4kv6dzaemceojzu
84860302, output_520000.tar.gz, bafybeig7o3zfocqg3cs6qobodzqisgpmwd7iousy763fdw5mu33pq423su
84860333, output_530000.tar.gz, bafybeifyiqlltrz5sqgq2u42iwezk2ly7a4fuhk3tfmnntzomhe3vf3pce
84860410, output_540000.tar.gz, bafybeidacz7a3awrxnguq7scixkf6k27ebbvbbt5yxi7zh335xxevigufm
84860441, output_550000.tar.gz, bafybeifabv6cuw5oln4oo2k4rjfcivg2335t5u5pojt3hdwirgu7u5q72y
84860470, output_560000.tar.gz, bafybeidfojgxgdff72mbrnxntcreijpidbptx4gcx57jx3f3ndhgvcomqy
84860525, output_570000.tar.gz, bafybeigee5kjpd2ozfno5fl3dm2izfiqnchsqksbemrvomhs4sj4yprhee
84860538, output_580000.tar.gz, bafybeiasngpj7kuvbfbf6t5xodaoah6xrkhz2u6w52wsbke4dhqqoxvlhu
84860550, output_590000.tar.gz, bafybeibflxam2ebrec6j6hlspmtzd3oao7k3jas6ld7udkwbedk6z7lue4
84860574, output_600000.tar.gz, bafybeidtsfq7hcjthzmlvja5aerjyvsr6adazsn6efqroxvb6nouqah244
84860608, output_610000.tar.gz, bafybeihwytimbrtmhxrchosgcawa47cdnrskwxdtvq5tivllbuylfpikpm
84860645, output_620000.tar.gz, bafybeiak3kbrftqi2k4hfs7gdoyc44fvyb7u4hwpf6l5lul7vlkz3brik4
84860662, output_630000.tar.gz, bafybeifnowd3e6fuv3rpjw7xzr573jzqzzmvb453hryo5phnl3yrrgaeve
84860678, output_640000.tar.gz, bafybeicbaicnqcqxjmtdxal6vaidfz7puruu7v7xtfrrrfba5md75maeye
84860739, output_650000.tar.gz, bafybeibvtpmxxgtqhotlvegbk24jlbiomf72sm6sp72w42tq2bwy45fzpa
84860932, output_660000.tar.gz, bafybeiaxwtatesr62n4kvtfolvqv3s4ub2temmvvwz3zfegwetnwr3wpdi
84860953, output_670000.tar.gz, bafybeifm2vobmd3zj2cj4iedgvuo7awahfp4wdwgv4j2lk3tqp62neqenu
84860972, output_680000.tar.gz, bafybeih34dvxo6g2cidldjzpmuvcinvxniyfwu5dgs3aijef4nbjj4ldh4
84861014, output_690000.tar.gz, bafybeibnoq6fbr7bd2vlwt5rl4jpicxxgas75tpzttujrwxceoj65zb4fi
84861038, output_700000.tar.gz, bafybeic36wcgwsjk4qmsn3iy7boagtujbzjjfdgontkjth434gz7v2poie
84861045, output_710000.tar.gz, bafybeicymmcqrubw5sn55cnhr5ksf43vlecg5dwdnnfjaprar43in635gu
84861072, output_720000.tar.gz, bafybeigwjuuvouz3r33e6a4r3tfr6tkkjyysnzyzdymh5bqyvur5bs3mnm
84861125, output_730000.tar.gz, bafybeiau7dpr5dwsot4ksswc5pfygchprvr2bvveelwzy7gdrrhozztrpi
84861175, output_740000.tar.gz, bafybeiffn337j7kko3trzcir5qtyri5jh6wxwlmqyfo2rxi2qwjk4tay7m
84861200, output_750000.tar.gz, bafybeiepj66flyq22zwl7p22l3gltp74ocqf56gbjc5rsjsslldhb4dk6i
84861303, output_760000.tar.gz, bafybeiaqinec77ctoa5vs3comifsuouijmgyu5dt335pzevq7rkik7xbby
84861386, output_770000.tar.gz, bafybeibktsc2qp3l2hkrw7xaj7xyocfvhuvr6mvlgi4k4ad5vfqqdm2kcy
84861403, output_780000.tar.gz, bafybeiftqt7xbwictg5zicq5ngsj34c2hdygezvt5zeqfwaasmvbt6jwci
84861439, output_790000.tar.gz, bafybeidhkyejascr7ihek3npes6g4x4ubywiy5qv7dcrrwav4j32m3tmaa
84861467, output_800000.tar.gz, bafybeiawewaxjxze57qmkskiplzoejkwamgnomqb6cz7czp6m4exr7bvxy
84861536, output_810000.tar.gz, bafybeiakl2ep5anczxprp4lczlcp7ydfpf2xhmols2qfbqvbkhmba6p3hq
84861588, output_820000.tar.gz, bafybeiewi7qpxomtbsf5we4inazxsmkd7pzblv7fgimqu6abyyxut3ra5u
84861728, output_830000.tar.gz, bafybeiht3ucsxqt2cehfwyytxhmxsfxg2o6fkkdmklu24doltsnun3pepm
84861762, output_840000.tar.gz, bafybeic6glf7spmm6hntp4kigjjam3uflncuh2c2hrxdsjjgbpa23rysc4
84861807, output_850000.tar.gz, bafybeifecotw7o6pusdv3z3cugjhrn6dquqqml64hepenc7xoxqxix2npq
84861852, output_860000.tar.gz, bafybeih4wf5bq3p5yyoya3m2swm3rgnmgbnm7otr2lxxu53gk4v2ufwy44
84861895, output_870000.tar.gz, bafybeiegs4v5gwwvmdvmzc5cgv6rjodfgcbbmzromq7qalrjx27lbz26mu
84861946, output_880000.tar.gz, bafybeihoeqq4fy62f6v7udzsgwn2m5veseotb355qmi5tc6rlsfhjtw7pm
84861968, output_890000.tar.gz, bafybeihaxdukkms2gqgi5xib2rexgwos2pt36nm5wpnlawumbkuc2ycdie
84862381, output_900000.tar.gz, bafybeiarsbo4mm6b7fv25tc7fxggdd6nfvj7bs5ag5jt7bu2qhrubmvjki
84862454, output_910000.tar.gz, bafybeibqmkuouemrs6aqajwtkcyz5ini3zs3kv2ukqjl7sjtnvghjx6fsy
84862588, output_920000.tar.gz, bafybeifsyeztjtf6ortry4pge6lfbplvj73wfhbhayouysvagx7llhdbqi
84862830, output_930000.tar.gz, bafybeigq3nk27xv6zbk5tvg3g4mgbizdvrh7qx4dpugnkvpm2gq7clvnka
84862889, output_940000.tar.gz, bafybeibld73lt34iqsdz7tmeddlwibb43fbp6jb2jr6cyh3qj4n2lrmhyi
84862920, output_950000.tar.gz, bafybeifxk46labsfxrnplayk6qaew7ejcbqzwzzfoaac3qxfwauw2j2bwe
84862946, output_960000.tar.gz, bafybeih65umrlbfzyqcewvcwiywrxfrqnompimr4o64bgrgdrtwcwpbxiy
84863011, output_970000.tar.gz, bafybeibjyunc72i4gpa326mz3ezuewutwg5gl4jq7fzbcfaztv4ggn7mjy
84863067, output_980000.tar.gz, bafybeiehrfvwzsx2fliam7i3bp6qsexxsuuiduqvmihkpr666izjfoa5ze
84863089, output_990000.tar.gz, bafybeicbivrkzxdm4tigkdqkegike37trxwe6eyckheudnouzlch33555u
84863400, output_1000000.tar.gz, bafybeiaeyuagtxhzlwg2m3iisrpdmr27zathy2dhitlk3comrbgduagyk4
84863412, output_1010000.tar.gz, bafybeie3hng3wa3wi6vpxzcgfxkw4bauaazeujouya5sv3yhy7uue2pcba
84863439, output_1020000.tar.gz, bafybeifmhpyoeuwtkawthlawpfy7ag25p2janw3dtll2mmp2rdgqmsqryu
84863465, output_1030000.tar.gz, bafybeigbedlzjnlgm6styp4lypygejrl54jfccfbuu5gh6ggqthykxqhai
84863518, output_1040000.tar.gz, bafybeibtwk66gummbeplxll56qygne5izmjn3eyduv6i77lctrqzh6twiq
84863557, output_1050000.tar.gz, bafybeic5mvc5fhtlmmyithewp7htmbmrvxx7u2iw3uhbg4pozb2jld2kfq
84863940, output_1060000.tar.gz, bafybeihnqcwnjeoby4qvyfgztghwn7t3lbbbxqspzblarnppvdcbqn3c4e
84863970, output_1070000.tar.gz, bafybeibjt6wsqgxx7k77gbuzxdok4krxsj4g6geqe3rnejxopnlgl5xdxm
84863991, output_1080000.tar.gz, bafybeiau43yf32psnu5f44gbgrqayqax5r5d5lywfayuccipdqo6fbe4um
84864041, output_1090000.tar.gz, bafybeidaqtnph5eipucyoq4f5n6m3edf4kxrdh44ht7durrub5mm6eejim
84864087, output_1100000.tar.gz, bafybeib7rx3j5ety55pahl3wuiidogedm65o7ai44o5q2sj2met4ofxrla
84864118, output_1110000.tar.gz, bafybeicvhc7sapl7qtupngmgbsfpvnbxzlxh2f5mfjhewad3ogvg7hjkwy
84864142, output_1120000.tar.gz, bafybeidcmqlzcegovjhtrojx7jhumt72w3wyesxd56ma77esuadmy44es4
84864175, output_1130000.tar.gz, bafybeiez2ikb2qkxv3obowfx2py5ibgm4f47xk5afckuep4sctkl75x5ie
84864200, output_1140000.tar.gz, bafybeia5phlpjy3scabgaaleagk7zbj63ava4rge76vtxvfyc4ftwed3vq
84864241, output_1150000.tar.gz, bafybeia6etbhnunalnnjzvmxelx66tq5kbclxnwpcj6k2lzfhufwp5q5bq
84864454, output_1160000.tar.gz, bafybeidn2f3hhrkboshpe53qxmabqffel3775of6eokvaiieluxrrprkwy
84864502, output_1170000.tar.gz, bafybeiafnsfoxnhvu3eclhdz36rbdza53ghmbgcreaxyfzcsih2of5xbn4
84864514, output_1180000.tar.gz, bafybeibm4rukvd5of74rcbz3m4yyf5ajwmupbanltklwtkn5jlzy6m33sq
84864544, output_1190000.tar.gz, bafybeihqewzs4w5kmziijgun6ctcbohtsyzv4aptbawhawjgw4zs4o3ygy
84864556, output_1200000.tar.gz, bafybeifg6sqwz2llivyyuvsa2mnuwfu6v56fkgaha3o4txqiziynbdk5ne
84864573, output_1210000.tar.gz, bafybeialxmmlacssx2fov64ctmtzeho75mqf6bzftrd2zpbo2brg5mukg4
84864620, output_1220000.tar.gz, bafybeidh2tmsq36kdva2ssvg65wjqepakf2vqxcquo2a4xvxenrtfvr7ky
84864647, output_1230000.tar.gz, bafybeifqweg22xqpf36zosdunhcsskrx6gc47rqrxaxeccq5sl7yad2wsa
84864690, output_1240000.tar.gz, bafybeigallyed3sa7h2fh7nyllzu5eet5idevpa5zhn342uppdwkrz2v6e
84864698, output_1250000.tar.gz, bafybeia7wqnh2s7wt2hrq6thtu4lmmlx7bd53cxgugmss5mhnkng2czk5i
84864721, output_1260000.tar.gz, bafybeicwj5z7trwmrjpvumjnnkk2kyxcai5fdjtkc7uk322p34ckl763ia
84864732, output_1270000.tar.gz, bafybeia45q4ayooq6btygmckyuqniimlqg7dz7yx52vkp4ds37a2kqaaly
84864744, output_1280000.tar.gz, bafybeihegufh65jmqpihuv6iov34nx5z7bzvo767e54rl7bzlzc37xtd5m
84864773, output_1290000.tar.gz, bafybeicg376gkqkai7jugcsgie3fgqlkw5wdg6aaogztgqfsoedby6m4ya
84864794, output_1300000.tar.gz, bafybeia7xjxda5anx7siolvjfwhgxmuvkjmmo3ehjzm77jyyyyqcwnbqnu
84864810, output_1310000.tar.gz, bafybeihrqcb7z7m5bhxwfya2r3znkaxsopyrdrvzqanm65lmhpyc6v3fty
84864828, output_1320000.tar.gz, bafybeiapz2suj6qs7k7xdjntiz4a4hptzq4b64l3l3bodg6elpcodhzwvm
84864842, output_1330000.tar.gz, bafybeienw6tw5auufopvpltjggoxvukjrzsoue3ejttnmksqlhusiowhhy
84864854, output_1340000.tar.gz, bafybeigvmnb3r6cff2lu6b4mywby7psxfkoo7ljqr2ac5pdawjhiwkmjfu
84864891, output_1350000.tar.gz, bafybeidopihnfriic34qh4a4lirv2ff3dubjt4wuiqwhaftgkycy4hzzga
84864906, output_1360000.tar.gz, bafybeicirqnbwdz5umauxx7bldkbcllsufatpyyjdoc3g3hi3ryzzywyby
84864939, output_1370000.tar.gz, bafybeicyq35adqhqc7lqvtbpeecaevtirxna6a5wlaydmbvrhwiepgoygq
84864954, output_1380000.tar.gz, bafybeigghfzdggsk36yth5r4omekwuhm72y2suf3b52brvwt4u5cs52ltm
84864984, output_1390000.tar.gz, bafybeienr2kcpckzrkcyf2ukg3zyyi7jbtsmapszcve7eeoopl5gxlzj2y
84865014, output_1400000.tar.gz, bafybeidqqdofw6kydqj5k2eqd5mvpbox36nu25odlaxr4a7b66hbzehgn4
84865025, output_1410000.tar.gz, bafybeigajehyhagm2ak2uwfmgb4r7i73bmqtzyofrlscwgs5w5qi45h2dy
84865031, output_1420000.tar.gz, bafybeihvx6b5xdlmbfhq23776ujdgu5gji7rs2onwnjbd4xm5jbqdr7vgy
84865033, output_1430000.tar.gz, bafybeibmqer6nwbheb6akzkey3jsdc7vib66xk7lducu3zgoxhssorfqma
84865041, output_1440000.tar.gz, bafybeicljysn5mdzgnsjmpithk2z452o2ug3ecud5leftiuvvt47fkknju
84865065, output_1450000.tar.gz, bafybeih5vyhkinsvlwsu3zezaofcmyrv2gzngkwunq4ay2ltdt3akeb6r4
84865100, output_1460000.tar.gz, bafybeid3z2dwkopsamxtqxgyadjqsbb6g5sdj537vfa6x3oygobsjxuldm
84865128, output_1470000.tar.gz, bafybeib6cd53mlkn7rtx3rrbuhktctla3sjzfxet44nnak22pi7cqhcbzu
84865197, output_1480000.tar.gz, bafybeiecuugvqintgnbyjso7dssvmbok2vfczu3bzdzn3sx3wf3sxipb2y
84865244, output_1490000.tar.gz, bafybeiht7rwa5enun4fyctd64jk3hhvfj7lfzsohowiefjjaapezab62jm
84865252, output_1500000.tar.gz, bafybeibxd5acxugdug3avfgwsl5d3tlcukr6upyuiwhoec5nji4ywcm6sq
84865263, output_1510000.tar.gz, bafybeie56kwa2p77wibcfuskeslvzpklyjs6wqchiwhl64sj23behjmoim
84865282, output_1520000.tar.gz, bafybeighmtb7zhkgbnqnixjtakr74zov2vrzga233lby2dbltplkusywcu
84865318, output_1530000.tar.gz, bafybeigm2xvrrodsm4m4ma6simjsnc5dbaxc6oatuiwn2j3parqweauase
84865343, output_1540000.tar.gz, bafybeiegco7xcxpeuap553f26v6u5vjoj5oh346efh56zqqiwkh2j5trbm
84865369, output_1550000.tar.gz, bafybeigolkxbrk4ar6cb62x46vokvse7q4im3lsune4t36gtn7d7mj5zy4
84865418, output_1560000.tar.gz, bafybeiagy3ngwf3u46xzqfagjhozhn6i2cseeeyh3pjlw7k6fqqfmt5s5i
84865505, output_1570000.tar.gz, bafybeicdlwg73eupqdogqgwfbwg4rtzn3savz673xgxhtxktzy3d67k77u
84865522, output_1580000.tar.gz, bafybeiaqk46xzlcgy57xnrmx2hegkp2akbel4xc2lt3qh7itexc2bvfjo4
84865602, output_1590000.tar.gz, bafybeialdtpf6hawq3pifpx565fq2oqzsyqxdk7lxag3kz22ojyqsstgme
84865637, output_1600000.tar.gz, bafybeibp6p2twkauj6armicszkuuehy2lrivpg5yqj2l2ffo3lpthinvum
84865674, output_1610000.tar.gz, bafybeigq2p37p4ui5voqabrkddxbbvzczex37ay2skpkv436hpbqh5n2hu
84865686, output_1620000.tar.gz, bafybeiewtczlaimjprchi5sl3amvpkjsshujdzh42efusyfx2djne42gfi
84865702, output_1630000.tar.gz, bafybeifvezwh4s3goxshe2oxaezrsefxdy643loff4qgyyscvmvyyd3woe
84865729, output_1640000.tar.gz, bafybeiaewqbjaakowmojbvxkslmlpaokzzcdfjazuok4vgjna4ohtbso3a
84865769, output_1650000.tar.gz, bafybeienv3kycv3iyx5o5ad3bhvn4sjoqy3netv6mcntllak2zjlev57ym
84865803, output_1660000.tar.gz, bafybeifhblpoqnvreyuexthln3baixxtkfza2p4wa4ychdkqjotusekscu
84865811, output_1670000.tar.gz, bafybeihdpk5oamcardvhgdd2sqrx2fq34cmldftlzm4o2qqezl5gngqc34
84865826, output_1680000.tar.gz, bafybeifeuganuqzntppmdb6h6c7tik3xyu3jcawcansx76osu2syc5r2fe
84865932, output_1690000.tar.gz, bafybeieabvqbl2jvmic2d6osi6rpbfikcprurtdixi6ujp4t2oejy57owq
84865951, output_1700000.tar.gz, bafybeig2acjivs26vce5k4a6wyr6u2pcv7rndiptixvoaiwtqwjqgp2uru
84865969, output_1710000.tar.gz, bafybeicoghfc5diwa3irkgviaqudlphep2y3ue4eiosiaxwzqytungizcq
84866033, output_1720000.tar.gz, bafybeihnejh334g53aa2pj7prxqrnhhma5r63zumah2i6kbtlpfnhzycuq
84866066, output_1730000.tar.gz, bafybeie2uj7kovceoitkygjhy7np7mjrzn56mbrnbmis5x3xsyyfs4tu7y
84866077, output_1740000.tar.gz, bafybeidia6wvot5fbspdsqcnya55smx2dvzsulafsxhje7vrfsmj33xu5u
84866088, output_1750000.tar.gz, bafybeibo6aylg47e577aqg7brc3clleculk4blaxm52iz7s3e4ynzym5je
84866136, output_1760000.tar.gz, bafybeiczzke6lgxeowihi2nxpnaffo4od36cghqt6htsohyjhrq2ni546i
84866146, output_1770000.tar.gz, bafybeibeabiyxt2v5hzk2hfx6a64mjjwacddqrkhhai2jkwqczp6vorchu
84866168, output_1780000.tar.gz, bafybeibmjtcpqco7h7xvwotsiaj5525ggergnbnygdzotacuqcstgqsr6a
84866205, output_1790000.tar.gz, bafybeif4j66iidcmnm2nnzw6bfs5an2kwiwlr52lnkuusnx3d72pqsymmu
84866246, output_1800000.tar.gz, bafybeiho7q4xvrjyfbkm7eyglnw67ztdqooiira6movsk5ntsaae3baarm
84866266, output_1810000.tar.gz, bafybeid47gk5kkylv2d7sbahbsr2m7auboyirqkousskwodrjpy4n5y6f4
84866275, output_1820000.tar.gz, bafybeiaztwh7pj366gmsepfgpqtdkle576ebcois3fhx4rikoxm2iltcn4
84866292, output_1830000.tar.gz, bafybeicbeerdcviujzez2dlxds2plurmcnr7mlkezwbkxxk74pqgkcxpoy
84866327, output_1840000.tar.gz, bafybeig2igeeki3sxd3zfuxznsx73vmsvmtfydcuszh7d7rptgcu5qw5pq
84866356, output_1850000.tar.gz, bafybeifcrldrrsnumbfqf6n7db72t5mjbtxfz4cn5pspz7rozsiih5worm
84866382, output_1860000.tar.gz, bafybeiewvds4k5yb6tf2mdbky6o2d4q5hq65bigl7ysjbqwlhyl5jzbfcy
84866406, output_1870000.tar.gz, bafybeiezcjwa6hglxpjv4mqohbz52dqgm5tmuvz3sgwoyrra2wmb3mfgk4
84866427, output_1880000.tar.gz, bafybeicmucm6yxtxorxxirkqxsmpbk2vyrmcmoesanrf43es3ny7bctio4
84866449, output_1890000.tar.gz, bafybeib4ucpcjselpyp632fi4s5cu2n5lt6natiwqbs52qpaqrcyipgqq4
84866471, output_1900000.tar.gz, bafybeiauriikfmirdq4rcdxtpayubhn6dsgj4bhnyzgveg4cquzok2yix4
84866500, output_1910000.tar.gz, bafybeieqwjckkysaqtg5umscbu57banm4bovzfxvlkcocvsipcprwezdvm
84866520, output_1920000.tar.gz, bafybeihrvtmnrywwhz4mmk5nmbbxp5arsvpglotzwyviurmncohyevsqxi
84866561, output_1930000.tar.gz, bafybeieejr2jgqcmwhaxcffwizvci7gj4whjaa4rztg2mtkoaavfdbsesa
84866595, output_1940000.tar.gz, bafybeiggozct6rt7bahwlhk3k4codad5qs54pjpr73lxnd2634teaxq4te
84866622, output_1950000.tar.gz, bafybeidl7nxs4h2e3psqslnhyhy3sjm3auw4lt5vbxbr4l2urk6dozy5nm
84866645, output_1960000.tar.gz, bafybeidf3tte4v4okn27aqheptj3oibmnovhynyibhefe7y3qew265kt4a
84866695, output_1970000.tar.gz, bafybeielm5lfkmpyezk3yldypyvwnsvdimespjsfloj4h7gd3uinr43bhe
84866725, output_1980000.tar.gz, bafybeiglamv72yaoaxudjmfp2ktiik3e35g34hyjjbp24c72xemuv34lea
84866761, output_1990000.tar.gz, bafybeielgfvjjklwyb3qhw5cylm3avnqxjeh2vvibo2wzxt4g2zrbuj5lq
84894355, output_2000000.tar.gz, bafybeidqdcr7vstwnj3fj7zs7qcdkwuwahf6muobdohw7f3q5hd7nkwqpq
84894393, output_2010000.tar.gz, bafybeicwvd57zqep627btms2gmx4vt65net5eohvthaqonxfimgl56idgq
84894455, output_2020000.tar.gz, bafybeibfogqlb745y2kus4tvyp5dhjrh5kbtieqcue546mu4gx2ehiypnq
84894477, output_2030000.tar.gz, bafybeicthexugzlmxskdufa364b7uuskyl7ol6ppbat54kkqeul4h7iere
84894506, output_2040000.tar.gz, bafybeiete26hq7kkt63pj2lnd6hbek6xwrdmlzdeucgg3zigzpu7ddn5xa
84894547, output_2050000.tar.gz, bafybeif3btwdifqx5jf5bs7m65k7ifvrjpnfhgdbfnexbvoom2qrr3im2q
84894600, output_2060000.tar.gz, bafybeigurz2azeh6esrcijoufgvrqiwepbax6h46gsklw5osmqn5g4i2em
84894603, output_2070000.tar.gz, bafybeifgytkyhlvvthbzzohc4lumvgiv2b47mrqwhljebyv4igs73kdbv4
84894641, output_2080000.tar.gz, bafybeigzoylme5ntuuoxz7l6dr4phuekmfjzmcjnmhryviexlxhfk2pnam
84894669, output_2090000.tar.gz, bafybeiggzpersirvu2revxfgulj2hi6wgo2nbvglcespaejk6uyc6eubnq
84894706, output_2100000.tar.gz, bafybeicibs6xjjlhi4mqvqqndlwh3an4n3izn3fsvpdalv4vww2hmf5o44
84894721, output_2110000.tar.gz, bafybeiguafno2zrplan3st7xiozh6jlp3dja54v4lgsowsekslth3wi7ti
84894766, output_2120000.tar.gz, bafybeifsc6xdsf2vq63wouxr4a6orby3tng24wkwgejcnw4l6kkhixhsgq
84894780, output_2130000.tar.gz, bafybeihldn7du5xdcaow6wpixtfrupu2reerfxxnctb5vf4e6jg2thdvra
84894807, output_2140000.tar.gz, bafybeigtvj2rpe6lrsxh35dsi4jme264yeqmpdrqawaxtrj45omemchcwi
84894849, output_2150000.tar.gz, bafybeicbowoch2yxhwmittm4l4x5bhxbhqkhy7chvdcpgcnzpmdnpgxytq
84894902, output_2160000.tar.gz, bafybeidfm5txnso5znfbb5skkhfwj5jaf7oapmcherutx2ce6py26uc4kq
84894933, output_2170000.tar.gz, bafybeigsxoucqb75j34kgsu4bruh5seayo2otpdri6t3xaolgdhqbkjxuy
84894952, output_2180000.tar.gz, bafybeibw3qjocxjds7nmwainzsck437jl4vfouapahjfujkqgbe2neo42a
84895006, output_2190000.tar.gz, bafybeies7qbncw4tnmuuudjwzzni5bqe7kd7voen3iqo7neku36tjgkt6m
84895049, output_2200000.tar.gz, bafybeict3u73uyrxvdcc2ukgiyt77dsw55tgioyg2sxekc66k2rk5xanr4
84895081, output_2210000.tar.gz, bafybeibzeapywvplhmbkuibi6vceojtfh6rxqag3hfarfuch2flqhrxk7a
84895117, output_2220000.tar.gz, bafybeihcby7bm43g655d36ldrwxfdlbrzk77rqhsoq4swxuvqbcsukdxxe
84895135, output_2230000.tar.gz, bafybeiet5h2zcm7etquwdujaqdopvfzb72aowrl5ahp4hzsxlws7asgwf4
84895154, output_2240000.tar.gz, bafybeiafictwemqjb2y7ha3rubfbxhss2mxwqo2ndwa6pfubxkiqyz62b4
84895194, output_2250000.tar.gz, bafybeiad7knr2kaqyi2ycvajkkpg4zyeqwdnow5ilig7wh7l7ssqlfhxy4
84895215, output_2260000.tar.gz, bafybeie6ygc4r2zqpccnh7zxv7r2mk7kyhlgzag2hvcaiau4fuhzeisssm
84895260, output_2270000.tar.gz, bafybeicalkf52iasp7qvu5nb3ykae7wpdiwjltcs5ml34zijhsmhvb6psa
84895289, output_2280000.tar.gz, bafybeidpamoe2q5iiwuug7htv4bnlpjtemw2qr263dle3ydah7iijapdzy
84895311, output_2290000.tar.gz, bafybeign7muhiw2gy3y7zrxggcajebz55xgkywsg4moer3ipn3wkd2md6q
84895346, output_2300000.tar.gz, bafybeiarspwlgpwl2e7th4cyd66qvpjn4z4li3ay7qo2tsj4cnntlvmydi
84895365, output_2310000.tar.gz, bafybeid25wwli32loqholqfrqldngmitgkshfi2ern6b2anrawnkmqy67i
84895372, output_2320000.tar.gz, bafybeiew3m2zxsd343dcgihljkhqd63mj4scz5ugt6flbq5yjlbpvygvty
84895391, output_2330000.tar.gz, bafybeidbeooeuefrwpqkmp7xnm3q5d3ay5uvdzsyetpd3ructetetkztoy
84895410, output_2340000.tar.gz, bafybeihpuvvrdxc5k3psn27hxm3ozwfb4d5xp5szgoa4n5qeqjqnf4r2s4
84895440, output_2350000.tar.gz, bafybeihaj3zif24iwblqlkakxhi6em2awtzbhq2turjxyurey6nf465dne
84895480, output_2360000.tar.gz, bafybeighrtkvvsnidf3x57hjykzbwxhmzdifdhm4xsu7pcakeoah4ly3h4
84895503, output_2370000.tar.gz, bafybeihvp3sz4ktxuwfbx6ckqvnhjzqh3bv4ugzapcp7z4irenm5lvd2du
84895528, output_2380000.tar.gz, bafybeih6aykxuqyjqypodz42udmdylv5lekgmdrhdv2fl25sg43tixkbta
84895548, output_2390000.tar.gz, bafybeib54c7knhadrddxyupi6d3o2uv3r3adq3umjcswwssqb45bkzrsbi
84895607, output_2400000.tar.gz, bafybeicdekbcr3mlx7udyejfdhrcrygd77ym3jmrm7nreus7zgim4llccq
84895652, output_2410000.tar.gz, bafybeiekenogwlgw3t2agi5u4q7huiz2ageak2432pxzn2rcotdtiuraeq
84895694, output_2420000.tar.gz, bafybeifnipkveiex2mc622j56j5vorava3g7aiiccpbx77zobaplwvdtny
84895709, output_2430000.tar.gz, bafybeibijtaaxnjiwuydyvupuyetlxwqkqjgk2bikm5fahsv6uxvg7nxcq
84895745, output_2440000.tar.gz, bafybeiebgulfvi4ncy3nb36dfc2damaxye5photy6eoy34r5qgvxqpt3ny
84895786, output_2450000.tar.gz, bafybeigbqcjxljoisbtyasejrwhkrai475f5g26vgrvvraqziokkzeeebm
84895796, output_2460000.tar.gz, bafybeiaxxetynx46seizhjwoxgvnl2tc7fudyentiay7untqmqodnueo2a
84895810, output_2470000.tar.gz, bafybeiclade77oqu3qfdh7wnmrts76c64ubqwg77wgatsrx3wawtihfamu
84895835, output_2480000.tar.gz, bafybeifo3myjqant6qbmuhh6ujgei3ortuuyhhk7m4og6inkleffeecz34
84895880, output_2490000.tar.gz, bafybeiabdfonvzkdbmcqbxubxaps5424u2kbokd3ttw4dek4haphnzuaeq
84895919, output_2500000.tar.gz, bafybeigtorp2yirxjhzgmfcnkt7kgkryicwnjenxwuvzr2dakwsmd3zzuy
84895939, output_2510000.tar.gz, bafybeiai2f22m5ozwjk734w2zhrb7sru4u62wmoz45iblubyfarqf5bg3q
84895976, output_2520000.tar.gz, bafybeiagvrdgqindid22g2676e4kh4suwy7gbbkobqtcq5tsy7rymeplma
84896013, output_2530000.tar.gz, bafybeiaoxz7zpnsu75flpvzgrx5skscejos2ag4tebyryok2kxuusazvne
84896032, output_2540000.tar.gz, bafybeiaog5u74buzf5o764jqdmgwpvjl3e3b4b65fqhougrcckbu7icfba
84896076, output_2550000.tar.gz, bafybeiesqbkl5bl6ixoxxudhckgdwvpzqpwcedi2sxpw4erlmwi2abmieu
84896096, output_2560000.tar.gz, bafybeidwa56lppf4a27rd7tlegtvaadalmois7mcenayj45wuyaestppx4
84896100, output_2570000.tar.gz, bafybeica442y2o5dcx4e53ztsgxtfljznj2jkywwnnv4xit3rend2qg3cq
84896129, output_2580000.tar.gz, bafybeiff2dohcdododvggbro7i73mvt3iitli2hrncakj6qrklqm7ss2yy
84896147, output_2590000.tar.gz, bafybeihldjqpztnga6ot7vlhixvbkqlfol3cvowkqlpj4ugyvt4etsako4
84896179, output_2600000.tar.gz, bafybeie5tsif2cc4qiuqrnkonivsgdff46tbbt3ix5qoudqhfgkzzii76e
84896205, output_2610000.tar.gz, bafybeiheptaqy3oa3pjdqntkodihpn66dm26lt6hmkad6fy5tjtecsj4tq
84896227, output_2620000.tar.gz, bafybeieqscz2kdq5yzdnrf6gegp3knuxkh3xcznh6m3bvron5wyid3fnoe
84896254, output_2630000.tar.gz, bafybeicck5gmjz24dsagpgeuiyhlqpllpnemhhotljf3af7epwbkwrtp3e
84896279, output_2640000.tar.gz, bafybeib5cnvtwevaqif27ouqfk6q3q64saijknnurwh6iupsh4oo63j74e
84896302, output_2650000.tar.gz, bafybeihb7lnotqylb5sadtsp4mcgzzfofeeo3xkhmgxc3axwuhca4c6sv4
84896325, output_2660000.tar.gz, bafybeieez7mj3xdtkrbjx6sx7d5lsucbxjix7ugoml7kqdimoj2gfm5uom
84896357, output_2670000.tar.gz, bafybeibhz6oujnn6s6wuawty6st5xhe5h5kmjvotzu5enbnsf725kpmd3i
84896384, output_2680000.tar.gz, bafybeihi5lcxtantya6ohw2vm3tzj43ny4mzh6ps7k7siplcc4jghjpyzm
84896405, output_2690000.tar.gz, bafybeifcl4xjfzez7gr4y62h5qfymt24nebrbde6gzjiwy7xt7e45vcrfu
84896439, output_2700000.tar.gz, bafybeibfx3rsqzcbjyrhnxilzxj6j2ktmasquv773y6fld3edv4pmhm2ea
84896454, output_2710000.tar.gz, bafybeih5incj6r4yxsvvnvzwc6bzfdahnsmx2klrvacq664wj5duilwc5u
84896471, output_2720000.tar.gz, bafybeieom3qe4nki3zcfrra4zj7gsd53e5so3y23chs36qjve4acec3kxu
84896494, output_2730000.tar.gz, bafybeievol5frt373gv2jihzzh2zc2m2bta7l4gwf3vqk5cupxgsqlfgyy
84896518, output_2740000.tar.gz, bafybeihqx3panxdbcbxlpamv7gm7f7s3ls2vd2bakihxwwyem7hl7jnps4
84896542, output_2750000.tar.gz, bafybeidiak6ora6d5i4ddo6n5eibdjwyihvqkvbpyoop5cyfiohijwtvxm
84896551, output_2760000.tar.gz, bafybeienl7ypjxbr2e4vyc2bbj63rpq7bcbyclzy4aydg2dmr4zdmfbwr4
84896559, output_2770000.tar.gz, bafybeiheo2ggslcftlnq3dqvxzzrkbsja52stqy2ewdcwt3eobe5kdlfum
84896582, output_2780000.tar.gz, bafybeiffv26ceqa2ta4jqg2cx7ojtjlklq6hcmzmpm27oih54ktxhlolie
84896597, output_2790000.tar.gz, bafybeidxvdsgxfpnglxll3owtyaism7xbs7f6vghh5cwned5swdhkgsz2y
84896630, output_2800000.tar.gz, bafybeig44tdbktghtepulcgfsrg7uzd4fiup6vftytulpaundokdyn7wta
84896660, output_2810000.tar.gz, bafybeiacbvp6my53seafmknlpsqflvukxgu3qxowkqvrajamnvwg7alg7y
84896692, output_2820000.tar.gz, bafybeihcomea4pkvpnwq36fsu5gl6obcfojwewq3z7ncioyintbgaffewq
84896728, output_2830000.tar.gz, bafybeie36jfc55wp3xh3yin5ob734bnhcg5bioogiodi7hlo2wgy34i4au
84896747, output_2840000.tar.gz, bafybeifnyp3rntoe4t2nh4mpa3g2el7gxerdaytvlionssmc5aubeelzie
84896777, output_2850000.tar.gz, bafybeibz7q6jz6d4yw2mxk3kso7wbbaqpbm5b5fjazitojtddpftexkvcq
84896797, output_2860000.tar.gz, bafybeihijzp7v7nzxge4pyz2bl7slydvxib4fwfesdcfzoxpwu4aqmgtl4
84896816, output_2870000.tar.gz, bafybeiertp7eyi4fnejfzle72snljfo6d7jkvba5lfhjhv2ohja57r7c5a
84896882, output_2880000.tar.gz, bafybeidx2yd4wqymq2rw2bl56yg6yx2gow62zzqdrai7btq3qvvu6oe4by
84896937, output_2890000.tar.gz, bafybeied7g5qaoi5whpgsoaulnvb3gq6a7k6jjxzdn4eenkaqiacmp6muy
84897081, output_2900000.tar.gz, bafybeiamaz6r7pn5hx22q7vzaqwkbfsh4kyvjzhrs2xy4qe27favh6ef6e
84897093, output_2910000.tar.gz, bafybeic2va4wivoi64thn3tbaoewzuee3iobc2cvbdccxmg2higiighi3a
84897115, output_2920000.tar.gz, bafybeigy6zityc6nv77gujk54rmj3tingwy2gjwtclaogvrl2tkwh5rfpe
84897147, output_2930000.tar.gz, bafybeicyrjmn35ptnebv6fqtdkyd45h6ni2ittblyobb2eltnrjvkt2x2m
84897174, output_2940000.tar.gz, bafybeidwkvcqhxe2yi6itb534764crt5ws7faaepoqesqblbcdkqyl43pe
84897202, output_2950000.tar.gz, bafybeiepsg4yemdcskivz7ttdqwkcvpspzppuw27jxho2tmsy3ulaarxsq
84897241, output_2960000.tar.gz, bafybeibhsl3gmmfnys7wgaa5js5pk4qxyhs6twvlgj5ijx3vphnpy6ftey
84897349, output_2970000.tar.gz, bafybeigzlmbz7mdknyggxr6mjcp3gz2aqdrf6ar2yoe76tul3sriiqr2bq
84897378, output_2980000.tar.gz, bafybeiaky4gjsqeswfemigh4yfozvefucxwk5hs5t6nw2hfewopoums3fq
84897442, output_2990000.tar.gz, bafybeigvymxoqej3vqrrfg4qqrnlcup7k5c3tmatp257xapydi5cowuig4
85191337, output_3000000.tar.gz, bafybeie2sm2afw3ray6nit2pms4zzcpmcja2v6zmhcs6trriuqcysilusa
85191360, output_3010000.tar.gz, bafybeibbqohzauiq2atr6wfmhgxv2srow6rzxtvktokfb2fv7mcdmqihqi
85191403, output_3020000.tar.gz, bafybeifu4muvo626bnl2cpt24lmfawrqlxm6rk7ep33v2i3nozga5xzhai
85191473, output_3030000.tar.gz, bafybeidbygmn4xgydegdok532e72o3kyfgrlzc7d2bqlcc4mgkkn3wn7ba
85191506, output_3040000.tar.gz, bafybeidr5pzf2nriaswue7tdbhvknzlgkzut5bso62wmoqdtsv52pzcmyu
85191535, output_3050000.tar.gz, bafybeic7szbreff5pgbgmszpbqqlmwp5ra2sqfamcog763coig6jnj4q3u
85191605, output_3060000.tar.gz, bafybeibfij3f7n4ninfhz2qhd3ked3eqq3ev3jg6ox2yqld6fz7rgosqtq
85191671, output_3070000.tar.gz, bafybeievquhi47ncwjdbx2qrc2plhx44ly5l7midp7hb5nz4zzkts5duie
85191691, output_3080000.tar.gz, bafybeidtoroocaz3ambxoedwak7lswq2entgqluimsx3edmhusl5xuprpe
85191712, output_3090000.tar.gz, bafybeiem7pznkjjcityicpp3j6m4yiabmumepvyti6qamdodfdg2rbp67y
85191718, output_3100000.tar.gz, bafybeia44yfbtli4deivlmif4rxmfl4pgn7qhm26f4pjptpudv47hpr474
85191728, output_3110000.tar.gz, bafybeieqvoyygzduhottysxz7m4m4brasxlxppyjyjioaadwjmouubhefq
85191740, output_3120000.tar.gz, bafybeibrklf7jvfwh4pjitd6lrhynt4cjjxdbs6kp5md4j4mf75psvfvii
85191754, output_3130000.tar.gz, bafybeiddmi5bhb4a6nl3cqy2hu3q6a4lrk7bnaqcnc2sdv6vjer2k5kfti
85191812, output_3140000.tar.gz, bafybeiandf353iar2qcxxqmdvyxjkfgld2mpaiixcixfkz26kxq4sxidpe
85191861, output_3150000.tar.gz, bafybeig363s7bnknh4vgfznthfkewsp4mney2iqno3onve2ershs7xcovi
85191876, output_3160000.tar.gz, bafybeiaujn43a2b5oro6presltxa56tya7emf7pyveqbfxjxvztjagytyq
85191918, output_3170000.tar.gz, bafybeifs7kzhy6hf7zs6ype2sorxu7urqqd4xmmqqtqq73eu66iitl34hi
85191930, output_3180000.tar.gz, bafybeic6nxktlncan6zmjxthpkgod5trvpdo7xhlvb4jelqzfa2n4z23bm
85191934, output_3190000.tar.gz, bafybeiapjmo62rcxj3kob7s4fg3x6i33ursx6nsngpl5dfe7clgfufzfl4
85191945, output_3200000.tar.gz, bafybeih4p5dotp453cvgimj3tgnree5wllpmfvivs34beosd5a5e2ngire
85191986, output_3210000.tar.gz, bafybeibslvaxssqbxdyqadtihyof6pyggaepm25flmmjtqeb6qsxtytzci
85192059, output_3220000.tar.gz, bafybeieelgtwmxddjogmtgmzebgom767hksdw7baidsxmvbtf3lleorznm
85192070, output_3230000.tar.gz, bafybeidx5b6ouv2z5d4s677t2kexfduqyaoratmlctuzp5toitxruwtdq4
85192089, output_3240000.tar.gz, bafybeic6v5yghz4pbgc4pywkwv5bhnvc6nz6ex3aylwxjww2fviuw7jyt4
85192111, output_3250000.tar.gz, bafybeiehunyxnpl6wsxgjdtv4o6v3uaxeip4ifzfpy6xaqxuxu3fvfu4jy
85192163, output_3260000.tar.gz, bafybeievcfgg2mgfyl2iwprddhgzwnzdjgamvicueo3tevbcl66zwa2zdm
85192243, output_3270000.tar.gz, bafybeianf2463xv3txhtrv5e4ykqf4cilj65zudwnspwn5mr56ooexgaze
85192315, output_3280000.tar.gz, bafybeif43y4iutgoyju6ajdbtcdkjliqjslhwgec4tlgm3vy436daaquiy
85192356, output_3290000.tar.gz, bafybeic2u7bbi3uy2e3v5ayw2gtp7excbyd5hsflevurl4hfoe2ndiyluu
85192373, output_3300000.tar.gz, bafybeier5itnsjo7m4n5gi25l7e7wlzfoz7hoshep7jykym3ysw7bbkwhy
85192393, output_3310000.tar.gz, bafybeie3n7lldpgxbf4ffrwcsj7jolw5zxvfeogjmcz2e6gvgxginpdbea
85192439, output_3320000.tar.gz, bafybeicf6zq23njb4wswaajwhu7butjnh52irgtd2x2wf3h73ypue6lx5u
85192493, output_3330000.tar.gz, bafybeib33era33kfta22n3v3e5nrzrmhd4pk23ddxfkww6uo3yggtvopqa
85192535, output_3340000.tar.gz, bafybeihp7nhz6yjlm3zkmtrmykmdze3q5ziggshy7ravdeta3vojcnreuq
85192558, output_3350000.tar.gz, bafybeiaguwk6hbhgx4wsceiubsm7grl7otanoeox7vzkue3akptoiwsmwq
85192574, output_3360000.tar.gz, bafybeiasrpxqkzvswphcuziocwfppiqowlebnuk7s3ujv3zatb4lmrnh6y
85192606, output_3370000.tar.gz, bafybeiaqtrsxdx4rdjpioa6eaqdx236en7ttrhqa6inu32afrh4lfekdt4
85192628, output_3380000.tar.gz, bafybeifwrtxqhftddfaq4sio4wksd7ltqmdpppqsovnygpm7ax5iqsick4
85192652, output_3390000.tar.gz, bafybeicojxx22jqrrudbuolqgosr4a5522drxo3vv4ceqxqk2bu26znhse
85192674, output_3400000.tar.gz, bafybeibnsvpzbb6kauv3ln6vy7mqfdidsulyjeq3gncsqbxveaqkwa2dqy
85192726, output_3410000.tar.gz, bafybeifqe645wsboo4a4bee5khn3ld25bt76irvjcphgyeiactnouvzzji
85192751, output_3420000.tar.gz, bafybeicht2aajd45vyo6mteio4a2z3chtabpydcbevnqmsxynf7437nitm
85192769, output_3430000.tar.gz, bafybeifymelvt7vyzztjzjppwoopj3d5pnigqt5ixa7qflodcksxjlupba
85192798, output_3440000.tar.gz, bafybeigm62rjbvfeaonfoe4fc4aynqnhoo2afzx76zyqv47yvcakufofiu
85192857, output_3450000.tar.gz, bafybeihxk2cicsxe77tv7vfr4wwortau2bsstlsrajjye7g2vzsqeqpx7i
85192884, output_3460000.tar.gz, bafybeif75at2z566uzjws3ore3wzcaobcvcc6frqjtie32yq36zn7y3yvq
85192911, output_3470000.tar.gz, bafybeigwpe3vnsxiq5kmp6wrngjyscaycna2e22urci6afzvg7bm5yi7li
85192929, output_3480000.tar.gz, bafybeieyde7ezaw34beqprm6vzi2uf4ahgm5zvzod67bytujltpwsa622m
85192946, output_3490000.tar.gz, bafybeifs66js4f73xfvonuzsnti5xmgjj2c6ra6ff2txkc7mim2i2lekca
85192976, output_3500000.tar.gz, bafybeib6ssoo62wgt7ewtx2g3gllmktkuyltfrlne7u6hxlwacjm2r53ee
85192996, output_3510000.tar.gz, bafybeifpu4eeevjwebnmnrvo7euuhkdkdvten3pjyy6gtqxcinnjiz4xba
85193026, output_3520000.tar.gz, bafybeia3f2fmrcxytlpq76rcgzdra624hh5wfbdhzskicwozgnbjp2xzba
85193064, output_3530000.tar.gz, bafybeibnzd2ni7el2tnezfwuuqnxhd222wtpipn4ww5b3vye7tnsocbenu
85193081, output_3540000.tar.gz, bafybeie2argafqznuosrdvidugtdzrkbwniarxbfpngpg7gwi6klvktqea
85193105, output_3550000.tar.gz, bafybeiainywxr2lfu77phc22wj7kw5xlntrkpnm6xssouhhlvpjligxf24
85193131, output_3560000.tar.gz, bafybeian3oy4bwtfyxaj5d3d2kmre7kfdxljgwigfp4sdu6tbucntbq27m
85193148, output_3570000.tar.gz, bafybeie4udqi5n44ctbxbfoprrzwkzsulstsf4ogjg7mrmzpk6ifje7kgm
85193177, output_3580000.tar.gz, bafybeiglb3gh6xq4s6meyjta2p2kiqhvhaqq32lyffnlczervsw6jghm7e
85193234, output_3590000.tar.gz, bafybeiabegq2ve3qdkcmtvx4vmrq7t7yymjenn6whsvlqrb2ovp7kjgkda
85193277, output_3600000.tar.gz, bafybeifrni3nsohe5oy3gvfkj4vn52h2ppyokp3dou2xg7usstqttgvu2u
85193311, output_3610000.tar.gz, bafybeif5fnr5zrurfaharg2cqiwh7blc2rg2bbrt24mpat5wvnrynrlrne
85193331, output_3620000.tar.gz, bafybeifpe2uptoq2eovvq5xioks7gj2yfhmj7khxj7svtzcowjaw4jw3be
85193358, output_3630000.tar.gz, bafybeiaojfffs7dr6e6rasd2uzfdcthousqrdonczi6nrxcwfffursggva
85193384, output_3640000.tar.gz, bafybeigd644fjm4begq4cipdf7iiyzrw72o5gwf4m34xeasa4aaua37vau
85193416, output_3650000.tar.gz, bafybeiclmwgvp2m2v42mws7wrdu62znvw4dnfyekn47tnpwhf76utqs4by
85193453, output_3660000.tar.gz, bafybeidixdazppjcuivbktvqekpb6sbx2knj4tznit74in22rby45gy5om
85193466, output_3670000.tar.gz, bafybeicfpkuywgcx7aipwkbvw7ai2nfcuohvkshu42yrwemg6ytb47uyxe
85193502, output_3680000.tar.gz, bafybeiae6qi3wxoxn7y2l22tmvgbva4i4qotr2pcujtx3ptudncvjopsla
85193528, output_3690000.tar.gz, bafybeih2ymddcqelcxdt7nxmr5zlhqist2vcsbacyf6mie2jnptrxexxpy
85193548, output_3700000.tar.gz, bafybeic66eodq5nxa74sco64dsw3alejjjtu6onhjdyv4xna6w3uee3ake
85193587, output_3710000.tar.gz, bafybeicch65tyuhkct52pnpayol3tjubpjzdwvjosh24x7mf5gfinz63oi
85193615, output_3720000.tar.gz, bafybeifexjzwc6fcpf2ohu74sepzxfslfygx7jydntxbirw73ekq7dklzm
85193668, output_3730000.tar.gz, bafybeiboe7fm2dg4rluagzclvryxbhywd2imlw7msiijuwjocfrlel4diu
85193706, output_3740000.tar.gz, bafybeifafdvmvmsyq2x3yoebuhafkdyev56o5rpc4ie34g3e3vnm76cpny
85193747, output_3750000.tar.gz, bafybeibdxgvqtag34nei5z7ildjpyxrtktgpgbdyvp3de3dw56b66skc3i
85193807, output_3760000.tar.gz, bafybeiaq27u6isdvjgitpfifozd5ot6pd56k6qy2gfngiz66onfnnxr6wu
85193860, output_3770000.tar.gz, bafybeiaufjzh33ahg2ikxjkatn6qponomol7l6yuqhwovqxp7ven4evsmq
85193888, output_3780000.tar.gz, bafybeievplspojydxvlgr3cyrcibd7mz4ony6jht6jopiy6te2j6hdv7iu
85193947, output_3790000.tar.gz, bafybeigc5b52ept5zovggkocd22rme4il4s4n6zc2zumx5l52s33kutfpa
85194006, output_3800000.tar.gz, bafybeigjcozpfufn3q43n4f2s7th4p6ww2mq3w2ikbqdwpwpnh2racoswu
85194057, output_3810000.tar.gz, bafybeieayu2qdh3vqm6zngwitmzqfor52emfutkpn24zta6lqajbzr7z74
85194147, output_3820000.tar.gz, bafybeiciqlg5mxxvrrg2g4zulno7rtyfx2547jtif5dkjtwyugsyuf7nh4
85194825, output_3830000.tar.gz, bafybeiar2qzxsartme5v3znt7f7zdr2kus3i6dt2l3ec432traa7gqfq5q
85195141, output_3840000.tar.gz, bafybeicoxdnfbetrzxvg5qifsqtwepxc6nnu75q4gh2c62w7rgcgbl223q
85195259, output_3850000.tar.gz, bafybeia3fngtq4cn2rg4pay3vzfw56lv7lxaikfiir4nbbdcerjgtjs2qe
85195817, output_3860000.tar.gz, bafybeidwdy6h4as2rfqi4rxhr4a2u77glv22yaxu3u6kvthpnxqdhkkc4y
85195984, output_3870000.tar.gz, bafybeiaxgpgxi6emhefkvglqbs3yym7snw5lndkmbt2d4zttqo6baulhby
85195930, output_3880000.tar.gz, bafybeicd2f2paps5jyjidh7if762ehdjtpmnup3qvi26mrucblgecnof34
85196808, output_3890000.tar.gz, bafybeibdtuespewqthxhwezewxplft4tgtl4tsofe6oa2pwbxlwcxrs37q
85197167, output_3900000.tar.gz, bafybeig3q235jgthwz735x6jxsdzq7qqjfoheqj4kwopqlnb5yoefwogzq
85197373, output_3910000.tar.gz, bafybeic7xaesfooxp55iaqb2dfas5jaofkfgfkkhm2ldysggptlo5oqtl4
85197311, output_3920000.tar.gz, bafybeig5naiqvoi5yititqjqyduc7syygarlxaisu7tgm3pkdzgxgohive
85197370, output_3930000.tar.gz, bafybeifwou33s7w7m5wfusi5coq5ozmgmhkeof6hzqbf7vk7a76bq2c3ii
85197801, output_3940000.tar.gz, bafybeiagdfc6tn7nvskjpplzxzy5kf3z6z2btd4iijhclt4yo3r5gfttvq
85198110, output_3950000.tar.gz, bafybeiagpu373zizoperskmzqsg6cicj7omrycwgjbxawojqmkcyqm732a
85198860, output_3960000.tar.gz, bafybeic2zm6e3cn7p3ytmd2gncpgqjs4mrjw3kvn5acsqfj6sy4eq74aqi
85198941, output_3970000.tar.gz, bafybeib77gzepgw4cof7p7lumnx6xqf3mphrgg464tvtwionodgbi5chuq
85199003, output_3980000.tar.gz, bafybeigrzk2jfteutb25asbro2meneyq5fp4wgxy4dhwog7xvvbsyefjsa
85199081, output_3990000.tar.gz, bafybeigkqng7cxr67waghuoras4yd5hljtuvtacgrazgsjidzcc3av36yi
85199156, output_4000000.tar.gz, bafybeid3knhy2me6rx5bpxbwizzbsgvq4iwvcrg47s5zqmh5kcpjvglnxi
85199222, output_4010000.tar.gz, bafybeia7iqnj2pn33g5r3knfpkei6x7jhuv2gvegqo32spe3ce3szivroe
85199294, output_4020000.tar.gz, bafybeihlciyudzot5t2hwrxdzfawyvte3cndf3l6azb7favxteyxj426vm
85199361, output_4030000.tar.gz, bafybeifoha7asayjlc3inrwxx5opt6xmh5ei2bdsaaal4ss3m5lb2ntbty
85199420, output_4040000.tar.gz, bafybeigzcgjkfdlxlni5cy3wvbucnslnhup32fyk3hbtcj5rct3x7akdzy
85199487, output_4050000.tar.gz, bafybeib4llvtf2ewg4dptxak3o3ds7jodki22lfuffuzgvwr7cebxfwtly
85199565, output_4060000.tar.gz, bafybeidabgqfargpijyqqcwaxiwntrvhfpu5sanleow6ytablpgjybby3q
85199620, output_4070000.tar.gz, bafybeigvg7i3h6lnjol3fmxumwfeh5damjxpa6vp2xneqrs7mj5jqlafwy
85199693, output_4080000.tar.gz, bafybeibhlvjsjl3z6col3whyrlvhrjc6j5yccrkfmwliiwpcbufg5ugysm
85199746, output_4090000.tar.gz, bafybeickfpvfsu62rt5ula27mkxolzd73f7is3owvhj4eazsoawqm3ftni
85199844, output_4100000.tar.gz, bafybeigfseu7riwekskt36lymjq5bvzz4fucyjg2wypt543k3wfo44qpcm
85199935, output_4110000.tar.gz, bafybeibeosg4j3cjboszg464gvz26pa4nr7e5v7zyfajnqdsv5fz5m22ci
85200014, output_4120000.tar.gz, bafybeifd7wwr6w6nk4kpav5xdwd6ea5najnnzayfo4defxxoj7tx53shkm
85201094, output_4130000.tar.gz, bafybeibpy5vkj7ccruv4gbqwt5suecsy6vogwgy76kkvw5lqfbijaibkom